{
  "Component-preload.js.map": 1726204737505,
  "controller/basecontroller.js": 1726144244994,
  "model/models.js": 1726144244994,
  "controller/HomeView.controller.js": 1726144244994,
  "controller/App.controller.js": 1726144244994,
  "Secrets/Config.js": 1726144244994,
  "manifest.json": 1726204737224,
  "Component.js": 1726144244994,
  "controller/basecontroller-dbg.js": 1726144244994,
  "controller/basecontroller.js.map": 1726204737322,
  "model/models-dbg.js": 1726144244994,
  "model/models.js.map": 1726204737324,
  "controller/HomeView-dbg.controller.js": 1726144244994,
  "controller/HomeView.controller.js.map": 1726204737407,
  "controller/App-dbg.controller.js": 1726144244994,
  "controller/App.controller.js.map": 1726204737322,
  "Secrets/Config-dbg.js": 1726144244994,
  "Secrets/Config.js.map": 1726204737323,
  "Component-dbg.js": 1726144244994,
  "Component.js.map": 1726204737325,
  "Component-preload.js": 1726204737504,
  "i18n/i18n.properties": 1726144244994,
  "view/HomeView.view.xml": 1726144244994,
  "view/App.view.xml": 1726144244994,
  "css/style.css": 1726144244994,
  "index.html": 1726144244994
}