{
  "manifest.json": 1726204748808,
  "controller/baseController.js": 1726144244994,
  "model/models.js": 1726144244994,
  "controller/VendorView.controller.js": 1726144244994,
  "controller/App.controller.js": 1726144244994,
  "i18n/i18n.properties": 1726144244994,
  "Component.js": 1726144244994,
  "controller/baseController-dbg.js": 1726144244994,
  "controller/baseController.js.map": 1726204748914,
  "model/models-dbg.js": 1726144244994,
  "model/models.js.map": 1726204748913,
  "controller/VendorView-dbg.controller.js": 1726144244994,
  "controller/VendorView.controller.js.map": 1726204748922,
  "controller/App-dbg.controller.js": 1726144244994,
  "controller/App.controller.js.map": 1726204748912,
  "Component-dbg.js": 1726144244994,
  "Component.js.map": 1726204748915,
  "Component-preload.js": 1726204748988,
  "Component-preload.js.map": 1726204748988,
  "view/VendorView.view.xml": 1726144244994,
  "view/App.view.xml": 1726144244994,
  "fragments/reserveSlot.fragment.xml": 1726144244994,
  "css/style.css": 1726144244994,
  "index.html": 1726144244994
}